username,email,password
johndoe,johndoe@example.com,password123
janedoe,janedoe@example.com,securepass
mikesmith,mikesmith@example.com,mike2024
sarahlane,sarahlane@example.com,lane@789
emmawatson,emmawatson@example.com,watsonEmma123
oliverjames,oliverjames@example.com,oliver789
lucybrown,lucybrown@example.com,brownie@01
willturner,willturner@example.com,turnerWill
gracekelly,gracekelly@example.com,kellyGrace2024
nathanross,nathanross@example.com,natepass
